{
  "resourceType" : "ValueSet",
  "id" : "medication-fda-tw",
  "text" : {
    "status" : "generated",
    "div" : "<div xmlns=\"http://www.w3.org/1999/xhtml\"><p>This value set includes codes based on the following rules:</p><ul><li>Include all codes defined in <a href=\"CodeSystem-medication-fda-tw.html\"><code>https://twcore.mohw.gov.tw/fhir/CodeSystem/medication-fda-tw</code></a></li><li>Include all codes defined in <a href=\"CodeSystem-medication-device-fda-tw.html\"><code>https://twcore.mohw.gov.tw/fhir/CodeSystem/medication-device-fda-tw</code></a></li></ul></div>"
  },
  "url" : "https://twcore.mohw.gov.tw/fhir/ValueSet/medication-fda-tw",
  "version" : "1.0.0",
  "name" : "TWMedicationFDA",
  "title" : "臺灣藥品及醫療器材代碼值集",
  "status" : "active",
  "experimental" : false,
  "date" : "2022-08-31",
  "publisher" : "HL7 International - 醫合",
  "contact" : [{
    "telecom" : [{
      "system" : "url",
      "value" : "https://medicalintegration.com.tw"
    }]
  }],
  "description" : "臺灣藥品及醫療器材許可證  \r\n資料所屬單位：衛生福利部食品藥物管理署。",
  "jurisdiction" : [{
    "coding" : [{
      "system" : "http://unstats.un.org/unsd/methods/m49/m49.htm",
      "code" : "001"
    }]
  }],
  "copyright" : "衛生福利部食品藥物管理署",
  "compose" : {
    "include" : [{
      "system" : "https://twcore.mohw.gov.tw/fhir/CodeSystem/medication-fda-tw"
    },
    {
      "system" : "https://twcore.mohw.gov.tw/fhir/CodeSystem/medication-device-fda-tw"
    }]
  }
}