{
  "resourceType" : "ValueSet",
  "id" : "medication-nhi-tw",
  "text" : {
    "status" : "generated",
    "div" : "<div xmlns=\"http://www.w3.org/1999/xhtml\"><ul><li>Include all codes defined in <a href=\"CodeSystem-medication-nhi-tw.html\"><code>https://twcore.mohw.gov.tw/fhir/CodeSystem/medication-nhi-tw</code></a></li></ul></div>"
  },
  "url" : "https://twcore.mohw.gov.tw/fhir/ValueSet/medication-nhi-tw",
  "version" : "1.0.0",
  "name" : "TWMedicationNHI",
  "title" : "臺灣健保用藥品項代碼值集",
  "status" : "active",
  "experimental" : false,
  "date" : "2018-06-25",
  "publisher" : "HL7 International - 醫合",
  "contact" : [{
    "telecom" : [{
      "system" : "url",
      "value" : "https://medicalintegration.com.tw"
    }]
  }],
  "description" : "臺灣健保用藥品項代碼值集  \r\n資料所屬單位：衛生福利部中央健康保險署。",
  "jurisdiction" : [{
    "coding" : [{
      "system" : "http://unstats.un.org/unsd/methods/m49/m49.htm",
      "code" : "001"
    }]
  }],
  "copyright" : "衛生福利部中央健康保險署",
  "compose" : {
    "include" : [{
      "system" : "https://twcore.mohw.gov.tw/fhir/CodeSystem/medication-nhi-tw"
    }]
  }
}