{
  "resourceType" : "ValueSet",
  "id" : "medication-path-tw",
  "text" : {
    "status" : "generated",
    "div" : "<div xmlns=\"http://www.w3.org/1999/xhtml\"><ul><li>Include all codes defined in <a href=\"CodeSystem-medication-path-tw.html\"><code>https://twcore.mohw.gov.tw/fhir/CodeSystem/medication-path-tw</code></a></li></ul></div>"
  },
  "url" : "https://twcore.mohw.gov.tw/fhir/ValueSet/medication-path-tw",
  "version" : "1.0.0",
  "name" : "TWMedicationPath",
  "title" : "臺灣給藥途徑值集",
  "status" : "active",
  "experimental" : false,
  "date" : "2014-03-05",
  "publisher" : "HL7 International - 醫合",
  "contact" : [{
    "telecom" : [{
      "system" : "url",
      "value" : "https://medicalintegration.com.tw"
    }]
  }],
  "description" : "臺灣給藥途徑值集   \r\n代碼出版日期：2014-03-05；資料所屬單位：衛生福利部統計處",
  "jurisdiction" : [{
    "coding" : [{
      "system" : "http://unstats.un.org/unsd/methods/m49/m49.htm",
      "code" : "001"
    }]
  }],
  "copyright" : "衛生福利部統計處",
  "compose" : {
    "include" : [{
      "system" : "https://twcore.mohw.gov.tw/fhir/CodeSystem/medication-path-tw"
    }]
  }
}