{
  "resourceType" : "ValueSet",
  "id" : "medication-rxnorm-tw",
  "text" : {
    "status" : "generated",
    "div" : "<div xmlns=\"http://www.w3.org/1999/xhtml\"><ul><li>Include codes from <a href=\"http://www.nlm.nih.gov/research/umls/rxnorm\"><code>http://www.nlm.nih.gov/research/umls/rxnorm</code></a> where TTY  in  SCD,SBD,GPCK,BPCK,SCDG,SBDG,SCDF,SBDF</li></ul></div>"
  },
  "url" : "https://twcore.mohw.gov.tw/fhir/ValueSet/medication-rxnorm-tw",
  "version" : "1.0.0",
  "name" : "TWMedicationRXNORM",
  "title" : "RxNorm藥品代碼值集",
  "status" : "active",
  "experimental" : false,
  "date" : "2020-11-03",
  "publisher" : "HL7 International - 醫合",
  "contact" : [{
    "telecom" : [{
      "system" : "url",
      "value" : "https://medicalintegration.com.tw"
    }]
  }],
  "description" : "RxNorm藥品代碼值集   \r\n資料所屬單位：Unified Medical Language System® (UMLS®)",
  "jurisdiction" : [{
    "coding" : [{
      "system" : "http://unstats.un.org/unsd/methods/m49/m49.htm",
      "code" : "001"
    }]
  }],
  "copyright" : "RxNorm. RxNorm is copyright Unified Medical Language System® (UMLS®). Terms & Conditions in https://uts.nlm.nih.gov/license.html https://www.nlm.nih.gov/research/umls/rxnorm/docs/termsofservice.html.",
  "compose" : {
    "include" : [{
      "system" : "http://www.nlm.nih.gov/research/umls/rxnorm",
      "filter" : [{
        "property" : "TTY",
        "op" : "in",
        "value" : "SCD,SBD,GPCK,BPCK,SCDG,SBDG,SCDF,SBDF"
      }]
    }]
  }
}