{
  "resourceType" : "StructureDefinition",
  "id" : "PMRPractitioner",
  "text" : {
    "status" : "extensions",
    "div" : "<div xmlns=\"http://www.w3.org/1999/xhtml\"><table border=\"0\" cellpadding=\"0\" cellspacing=\"0\" style=\"border: 0px #F0F0F0 solid; font-size: 11px; font-family: verdana; vertical-align: top;\"><tr style=\"border: 1px #F0F0F0 solid; font-size: 11px; font-family: verdana; vertical-align: top\"><th style=\"vertical-align: top; text-align : left; background-color: white; border: 0px #F0F0F0 solid; padding:0px 4px 0px 4px\" class=\"hierarchy\"><a href=\"https://build.fhir.org/ig/FHIR/ig-guidance/readingIgs.html#table-views\" title=\"The logical name of the element\">Name</a></th><th style=\"vertical-align: top; text-align : left; background-color: white; border: 0px #F0F0F0 solid; padding:0px 4px 0px 4px\" class=\"hierarchy\"><a href=\"https://build.fhir.org/ig/FHIR/ig-guidance/readingIgs.html#table-views\" title=\"Information about the use of the element\">Flags</a></th><th style=\"vertical-align: top; text-align : left; background-color: white; border: 0px #F0F0F0 solid; padding:0px 4px 0px 4px\" class=\"hierarchy\"><a href=\"https://build.fhir.org/ig/FHIR/ig-guidance/readingIgs.html#table-views\" title=\"Minimum and Maximum # of times the the element can appear in the instance\">Card.</a></th><th style=\"width: 100px\" class=\"hierarchy\"><a href=\"https://build.fhir.org/ig/FHIR/ig-guidance/readingIgs.html#table-views\" title=\"Reference to the type of the element\">Type</a></th><th style=\"vertical-align: top; text-align : left; background-color: white; border: 0px #F0F0F0 solid; padding:0px 4px 0px 4px\" class=\"hierarchy\"><a href=\"https://build.fhir.org/ig/FHIR/ig-guidance/readingIgs.html#table-views\" title=\"Additional information about the element\">Description &amp; Constraints</a><span style=\"float: right\"><a href=\"https://build.fhir.org/ig/FHIR/ig-guidance/readingIgs.html#table-views\" title=\"Legend for this format\"><img src=\"http://hl7.org/fhir/R4/help16.png\" alt=\"doco\" style=\"background-color: inherit\"/></a></span></th></tr><tr style=\"border: 0px #F0F0F0 solid; padding:0px; vertical-align: top; background-color: white\"><td style=\"vertical-align: top; text-align : left; background-color: white; border: 0px #F0F0F0 solid; padding:0px 4px 0px 4px; white-space: nowrap; background-image: url(tbl_bck1.png)\" class=\"hierarchy\"><img src=\"tbl_spacer.png\" alt=\".\" style=\"background-color: inherit\" class=\"hierarchy\"/><img src=\"icon_resource.png\" alt=\".\" style=\"background-color: white; background-color: inherit\" title=\"Resource\" class=\"hierarchy\"/> <a href=\"StructureDefinition-PMRPractitioner-definitions.html#Practitioner\">Practitioner</a><a name=\"Practitioner\"> </a></td><td style=\"vertical-align: top; text-align : left; background-color: white; border: 0px #F0F0F0 solid; padding:0px 4px 0px 4px\" class=\"hierarchy\"/><td style=\"vertical-align: top; text-align : left; background-color: white; border: 0px #F0F0F0 solid; padding:0px 4px 0px 4px\" class=\"hierarchy\"><span style=\"opacity: 0.5\">0</span><span style=\"opacity: 0.5\">..</span><span style=\"opacity: 0.5\">*</span></td><td style=\"vertical-align: top; text-align : left; background-color: white; border: 0px #F0F0F0 solid; padding:0px 4px 0px 4px\" class=\"hierarchy\"><a href=\"StructureDefinition-Practitioner-twcore.html\">TWCorePractitioner</a></td><td style=\"vertical-align: top; text-align : left; background-color: white; border: 0px #F0F0F0 solid; padding:0px 4px 0px 4px\" class=\"hierarchy\"><span style=\"opacity: 0.5\">對於所提供之健康照護或相關服務負有正式責任的人員</span></td></tr>\r\n<tr style=\"border: 0px #F0F0F0 solid; padding:0px; vertical-align: top; background-color: #F7F7F7\"><td style=\"vertical-align: top; text-align : left; background-color: #F7F7F7; border: 0px #F0F0F0 solid; padding:0px 4px 0px 4px; white-space: nowrap; background-image: url(tbl_bck01.png)\" class=\"hierarchy\"><img src=\"tbl_spacer.png\" alt=\".\" style=\"background-color: inherit\" class=\"hierarchy\"/><img src=\"tbl_vjoin_end.png\" alt=\".\" style=\"background-color: inherit\" class=\"hierarchy\"/><img src=\"icon_element.gif\" alt=\".\" style=\"background-color: #F7F7F7; background-color: inherit\" title=\"Element\" class=\"hierarchy\"/> <a href=\"StructureDefinition-PMRPractitioner-definitions.html#Practitioner.name\">name</a><a name=\"Practitioner.name\"> </a></td><td style=\"vertical-align: top; text-align : left; background-color: #F7F7F7; border: 0px #F0F0F0 solid; padding:0px 4px 0px 4px\" class=\"hierarchy\"/><td style=\"vertical-align: top; text-align : left; background-color: #F7F7F7; border: 0px #F0F0F0 solid; padding:0px 4px 0px 4px\" class=\"hierarchy\"/><td style=\"vertical-align: top; text-align : left; background-color: #F7F7F7; border: 0px #F0F0F0 solid; padding:0px 4px 0px 4px\" class=\"hierarchy\"/><td style=\"vertical-align: top; text-align : left; background-color: #F7F7F7; border: 0px #F0F0F0 solid; padding:0px 4px 0px 4px\" class=\"hierarchy\"/></tr>\r\n<tr style=\"border: 0px #F0F0F0 solid; padding:0px; vertical-align: top; background-color: white\"><td style=\"vertical-align: top; text-align : left; background-color: white; border: 0px #F0F0F0 solid; padding:0px 4px 0px 4px; white-space: nowrap; background-image: url(tbl_bck000.png)\" class=\"hierarchy\"><img src=\"tbl_spacer.png\" alt=\".\" style=\"background-color: inherit\" class=\"hierarchy\"/><img src=\"tbl_blank.png\" alt=\".\" style=\"background-color: inherit\" class=\"hierarchy\"/><img src=\"tbl_vjoin_end.png\" alt=\".\" style=\"background-color: inherit\" class=\"hierarchy\"/><img src=\"icon_element.gif\" alt=\".\" style=\"background-color: white; background-color: inherit\" title=\"Element\" class=\"hierarchy\"/> <a href=\"StructureDefinition-PMRPractitioner-definitions.html#Practitioner.name.text\">text</a><a name=\"Practitioner.name.text\"> </a></td><td style=\"vertical-align: top; text-align : left; background-color: white; border: 0px #F0F0F0 solid; padding:0px 4px 0px 4px\" class=\"hierarchy\"/><td style=\"vertical-align: top; text-align : left; background-color: white; border: 0px #F0F0F0 solid; padding:0px 4px 0px 4px\" class=\"hierarchy\"><span style=\"opacity: 0.5\">0</span><span style=\"opacity: 0.5\">..</span><span style=\"opacity: 0.5\">1</span></td><td style=\"vertical-align: top; text-align : left; background-color: white; border: 0px #F0F0F0 solid; padding:0px 4px 0px 4px\" class=\"hierarchy\"><a style=\"opacity: 0.5\" href=\"http://hl7.org/fhir/R4/datatypes.html#string\">string</a></td><td style=\"vertical-align: top; text-align : left; background-color: white; border: 0px #F0F0F0 solid; padding:0px 4px 0px 4px\" class=\"hierarchy\">完整的中文姓名。[應填入於門診病歷醫師姓名Physician Name]</td></tr>\r\n<tr><td colspan=\"5\" class=\"hierarchy\"><br/><a href=\"https://build.fhir.org/ig/FHIR/ig-guidance/readingIgs.html#table-views\" title=\"Legend for this format\"><img src=\"http://hl7.org/fhir/R4/help16.png\" alt=\"doco\" style=\"background-color: inherit\"/> Documentation for this format</a></td></tr></table></div>"
  },
  "url" : "https://example.org/fhir/StructureDefinition/PMRPractitioner",
  "version" : "1.0.0",
  "name" : "PMRPractitioner",
  "title" : "門診病歷-醫師姓名",
  "status" : "draft",
  "date" : "2023-02-17T16:01:00+08:00",
  "publisher" : "HL7 International - 醫合",
  "contact" : [{
    "telecom" : [{
      "system" : "url",
      "value" : "https://medicalintegration.com.tw"
    }]
  }],
  "description" : "此Profile繼承於臺灣核心-健康照護服務提供人員(TW Core Practitioner)，並用於紀錄門診病歷中的醫師姓名[[*FMM1*](http://build.fhir.org/versions.html#maturity)]",
  "jurisdiction" : [{
    "coding" : [{
      "system" : "http://unstats.un.org/unsd/methods/m49/m49.htm",
      "code" : "001"
    }]
  }],
  "fhirVersion" : "4.0.1",
  "mapping" : [{
    "identity" : "v2",
    "uri" : "http://hl7.org/v2",
    "name" : "HL7 v2 Mapping"
  },
  {
    "identity" : "rim",
    "uri" : "http://hl7.org/v3",
    "name" : "RIM Mapping"
  },
  {
    "identity" : "servd",
    "uri" : "http://www.omg.org/spec/ServD/1.0/",
    "name" : "ServD"
  },
  {
    "identity" : "w5",
    "uri" : "http://hl7.org/fhir/fivews",
    "name" : "FiveWs Pattern Mapping"
  }],
  "kind" : "resource",
  "abstract" : false,
  "type" : "Practitioner",
  "baseDefinition" : "https://twcore.mohw.gov.tw/fhir/StructureDefinition/Practitioner-twcore",
  "derivation" : "constraint",
  "snapshot" : {
    "element" : [{
      "id" : "Practitioner",
      "path" : "Practitioner",
      "short" : "對於所提供之健康照護或相關服務負有正式責任的人員",
      "definition" : "直接或間接提供健康照護的人員",
      "min" : 0,
      "max" : "*",
      "base" : {
        "path" : "Practitioner",
        "min" : 0,
        "max" : "*"
      },
      "constraint" : [{
        "key" : "dom-2",
        "severity" : "error",
        "human" : "If the resource is contained in another resource, it SHALL NOT contain nested Resources",
        "expression" : "contained.contained.empty()",
        "xpath" : "not(parent::f:contained and f:contained)",
        "source" : "http://hl7.org/fhir/StructureDefinition/DomainResource"
      },
      {
        "key" : "dom-3",
        "severity" : "error",
        "human" : "If the resource is contained in another resource, it SHALL be referred to from elsewhere in the resource or SHALL refer to the containing resource",
        "expression" : "contained.where((('#'+id in (%resource.descendants().reference | %resource.descendants().as(canonical) | %resource.descendants().as(uri) | %resource.descendants().as(url))) or descendants().where(reference = '#').exists() or descendants().where(as(canonical) = '#').exists() or descendants().where(as(canonical) = '#').exists()).not()).trace('unmatched', id).empty()",
        "xpath" : "not(exists(for $id in f:contained/*/f:id/@value return $contained[not(parent::*/descendant::f:reference/@value=concat('#', $contained/*/id/@value) or descendant::f:reference[@value='#'])]))",
        "source" : "http://hl7.org/fhir/StructureDefinition/DomainResource"
      },
      {
        "key" : "dom-4",
        "severity" : "error",
        "human" : "If a resource is contained in another resource, it SHALL NOT have a meta.versionId or a meta.lastUpdated",
        "expression" : "contained.meta.versionId.empty() and contained.meta.lastUpdated.empty()",
        "xpath" : "not(exists(f:contained/*/f:meta/f:versionId)) and not(exists(f:contained/*/f:meta/f:lastUpdated))",
        "source" : "http://hl7.org/fhir/StructureDefinition/DomainResource"
      },
      {
        "key" : "dom-5",
        "severity" : "error",
        "human" : "If a resource is contained in another resource, it SHALL NOT have a security label",
        "expression" : "contained.meta.security.empty()",
        "xpath" : "not(exists(f:contained/*/f:meta/f:security))",
        "source" : "http://hl7.org/fhir/StructureDefinition/DomainResource"
      },
      {
        "extension" : [{
          "url" : "http://hl7.org/fhir/StructureDefinition/elementdefinition-bestpractice",
          "valueBoolean" : true
        },
        {
          "url" : "http://hl7.org/fhir/StructureDefinition/elementdefinition-bestpractice-explanation",
          "valueMarkdown" : "When a resource has no narrative, only systems that fully understand the data can display the resource to a human safely. Including a human readable representation in the resource makes for a much more robust eco-system and cheaper handling of resources by intermediary systems. Some ecosystems restrict distribution of resources to only those systems that do fully understand the resources, and as a consequence implementers may believe that the narrative is superfluous. However experience shows that such eco-systems often open up to new participants over time."
        }],
        "key" : "dom-6",
        "severity" : "warning",
        "human" : "A resource should have narrative for robust management",
        "expression" : "text.`div`.exists()",
        "xpath" : "exists(f:text/h:div)",
        "source" : "http://hl7.org/fhir/StructureDefinition/DomainResource"
      }],
      "isModifier" : false,
      "isSummary" : false,
      "mapping" : [{
        "identity" : "rim",
        "map" : "Entity. Role, or Act"
      },
      {
        "identity" : "v2",
        "map" : "PRD (as one example)"
      },
      {
        "identity" : "rim",
        "map" : "Role"
      },
      {
        "identity" : "servd",
        "map" : "Provider"
      }]
    },
    {
      "id" : "Practitioner.id",
      "path" : "Practitioner.id",
      "short" : "不重複的ID用以識別儲存在特定FHIR Server中的Practitioner紀錄，通常又稱為邏輯性ID。",
      "definition" : "resource的邏輯ID，在resource的URL中使用。一旦指定，這個值永遠不會改變。",
      "comment" : "一個resource使用新增操作（create operation)提交給伺服器時是此resource唯一沒有id的時刻",
      "min" : 0,
      "max" : "1",
      "base" : {
        "path" : "Resource.id",
        "min" : 0,
        "max" : "1"
      },
      "type" : [{
        "extension" : [{
          "url" : "http://hl7.org/fhir/StructureDefinition/structuredefinition-fhir-type",
          "valueUrl" : "id"
        }],
        "code" : "http://hl7.org/fhirpath/System.String"
      }],
      "isModifier" : false,
      "isSummary" : true
    },
    {
      "id" : "Practitioner.meta",
      "path" : "Practitioner.meta",
      "short" : "此PractitionerResource的metadata",
      "definition" : "關於resource的metadata。這是由基礎建設維護的內容。對內容的改變可能並不總是與resource的版本改變相關。",
      "min" : 0,
      "max" : "1",
      "base" : {
        "path" : "Resource.meta",
        "min" : 0,
        "max" : "1"
      },
      "type" : [{
        "code" : "Meta"
      }],
      "constraint" : [{
        "key" : "ele-1",
        "severity" : "error",
        "human" : "All FHIR elements must have a @value or children",
        "expression" : "hasValue() or (children().count() > id.count())",
        "xpath" : "@value|f:*|h:div",
        "source" : "http://hl7.org/fhir/StructureDefinition/Element"
      }],
      "isModifier" : false,
      "isSummary" : true
    },
    {
      "id" : "Practitioner.implicitRules",
      "path" : "Practitioner.implicitRules",
      "short" : "創建此內容所依據的一組規則",
      "definition" : "構建resource時遵循的一系列規則的參照，在處理內容時必須理解這些規則。通常這是IG定義特殊規則及其他profiles的參照。",
      "comment" : "宣告這套規則限制了內容只能被有限的貿易夥伴所理解。這從本質上限制了資料的長期有用性。然而，現有的健康生態體系高度分裂，還沒有準備好以普遍可計算的方式定義、收集和交換資料。只要有可能，實作者和/或規範編寫者應該避免使用這個資料項目。通常，在使用時，此URL是對實作指引的參照，此指引將這些特殊規則與其他profiles、value sets等一起定義為其敘述的一部分。",
      "min" : 0,
      "max" : "1",
      "base" : {
        "path" : "Resource.implicitRules",
        "min" : 0,
        "max" : "1"
      },
      "type" : [{
        "code" : "uri"
      }],
      "constraint" : [{
        "key" : "ele-1",
        "severity" : "error",
        "human" : "All FHIR elements must have a @value or children",
        "expression" : "hasValue() or (children().count() > id.count())",
        "xpath" : "@value|f:*|h:div",
        "source" : "http://hl7.org/fhir/StructureDefinition/Element"
      }],
      "isModifier" : true,
      "isModifierReason" : "This element is labeled as a modifier because the implicit rules may provide additional knowledge about the resource that modifies it's meaning or interpretation",
      "isSummary" : true
    },
    {
      "id" : "Practitioner.language",
      "path" : "Practitioner.language",
      "short" : "用以表述Practitioner Resource內容的語言",
      "definition" : "編寫此resource的基礎語言",
      "comment" : "提供語言是為了支援索引和可存取性（通常，文字表述轉語音等服務使用此語言標籤）。html lanuage tag適用於此敘述。resource上的語言標籤可用於指定從resource中的資料所產成的其他表述之語言。不是所有的內容都必須使用此基礎語言。不應該假定Resource.language自動適用於敘述。如果指定語言，它也應該被指定在html中的div元素（關於xml:lang和html lang屬性之間的關係，見HTML5中的規則）。",
      "min" : 0,
      "max" : "1",
      "base" : {
        "path" : "Resource.language",
        "min" : 0,
        "max" : "1"
      },
      "type" : [{
        "code" : "code"
      }],
      "example" : [{
        "label" : "Value",
        "valueCode" : "zh-TW"
      }],
      "constraint" : [{
        "key" : "ele-1",
        "severity" : "error",
        "human" : "All FHIR elements must have a @value or children",
        "expression" : "hasValue() or (children().count() > id.count())",
        "xpath" : "@value|f:*|h:div",
        "source" : "http://hl7.org/fhir/StructureDefinition/Element"
      }],
      "isModifier" : false,
      "isSummary" : false,
      "binding" : {
        "strength" : "preferred",
        "description" : "人類語言；鼓勵使用[CommonLanguages](http://hl7.org/fhir/R4/valueset-languages.html)代碼表中的代碼，但不強制一定要使用此代碼表，你也可使用其他代碼表的代碼或單純以文字表示。",
        "valueSet" : "http://hl7.org/fhir/ValueSet/languages"
      }
    },
    {
      "id" : "Practitioner.text",
      "path" : "Practitioner.text",
      "short" : "Practitioner Resource之內容摘要以供人閱讀",
      "definition" : "人可讀的敘述，包含resource的摘要，可用於向人表述resource的內容。敘述不需要對所有的結構化資料進行編碼，但需要包含足夠的細節使人在閱讀敘述時理解「臨床安全性」。resource定義可定義哪些內容應該在敘述中表示，以確保臨床安全。",
      "comment" : "內嵌（contained）的resource沒有敘述，非內嵌（contained）的resource則 **建議應該(SHOULD)** 有敘述。在某些情況下，resource可能只有文字表述，很少或沒有額外的離散資料（只要滿足所有minOccurs=1的資料項目）。這對於來自舊有系統的資料可能是必要的，在這些系統中，從 「文字表述區塊（text blob） 」獲取訊息，或者文字表述是額外的原始輸入或敘述，而編碼訊息是後來添加的。",
      "alias" : ["narrative",
      "html",
      "xhtml",
      "display"],
      "min" : 0,
      "max" : "1",
      "base" : {
        "path" : "DomainResource.text",
        "min" : 0,
        "max" : "1"
      },
      "type" : [{
        "code" : "Narrative"
      }],
      "constraint" : [{
        "key" : "ele-1",
        "severity" : "error",
        "human" : "All FHIR elements must have a @value or children",
        "expression" : "hasValue() or (children().count() > id.count())",
        "xpath" : "@value|f:*|h:div",
        "source" : "http://hl7.org/fhir/StructureDefinition/Element"
      }],
      "mustSupport" : true,
      "isModifier" : false,
      "isSummary" : false,
      "mapping" : [{
        "identity" : "rim",
        "map" : "Act.text?"
      }]
    },
    {
      "id" : "Practitioner.contained",
      "path" : "Practitioner.contained",
      "short" : "內嵌的（contained）、行內的Resources",
      "definition" : "這些resource內嵌（contains）的resource不會另外存於任何FHIR伺服器，意即它們無法在任何FHIR伺服器中被找到，也無法有自己獨立的資料異動／交易(transaction)範圍。",
      "comment" : "當內容可以從任何FHIR伺服器找到時，不應該以內嵌（contained）resource的方式呈現，因為一旦識別丟失，要再次恢復它是非常困難的（並且取決於情境）。內嵌（contained）的resource可在它們的meta資料項目中表述profiles和tag（標籤），但 **必須沒有(SHALL NOT)** 資訊安全標號（security labels）。",
      "alias" : ["inline resources",
      "anonymous resources",
      "contained resources"],
      "min" : 0,
      "max" : "*",
      "base" : {
        "path" : "DomainResource.contained",
        "min" : 0,
        "max" : "*"
      },
      "type" : [{
        "code" : "Resource"
      }],
      "isModifier" : false,
      "isSummary" : false,
      "mapping" : [{
        "identity" : "rim",
        "map" : "N/A"
      }]
    },
    {
      "id" : "Practitioner.extension",
      "path" : "Practitioner.extension",
      "short" : "Additional content defined by implementations",
      "definition" : "May be used to represent additional information that is not part of the basic definition of the resource. To make the use of extensions safe and manageable, there is a strict set of governance  applied to the definition and use of extensions. Though any implementer can define an extension, there is a set of requirements that SHALL be met as part of the definition of the extension.",
      "comment" : "There can be no stigma associated with the use of extensions by any application, project, or standard - regardless of the institution or jurisdiction that uses or defines the extensions.  The use of extensions is what allows the FHIR specification to retain a core level of simplicity for everyone.",
      "alias" : ["extensions",
      "user content"],
      "min" : 0,
      "max" : "*",
      "base" : {
        "path" : "DomainResource.extension",
        "min" : 0,
        "max" : "*"
      },
      "type" : [{
        "code" : "Extension"
      }],
      "constraint" : [{
        "key" : "ele-1",
        "severity" : "error",
        "human" : "All FHIR elements must have a @value or children",
        "expression" : "hasValue() or (children().count() > id.count())",
        "xpath" : "@value|f:*|h:div",
        "source" : "http://hl7.org/fhir/StructureDefinition/Element"
      },
      {
        "key" : "ext-1",
        "severity" : "error",
        "human" : "Must have either extensions or value[x], not both",
        "expression" : "extension.exists() != value.exists()",
        "xpath" : "exists(f:extension)!=exists(f:*[starts-with(local-name(.), \"value\")])",
        "source" : "http://hl7.org/fhir/StructureDefinition/Extension"
      }],
      "isModifier" : false,
      "isSummary" : false,
      "mapping" : [{
        "identity" : "rim",
        "map" : "N/A"
      }]
    },
    {
      "id" : "Practitioner.modifierExtension",
      "path" : "Practitioner.modifierExtension",
      "short" : "Extensions that cannot be ignored",
      "definition" : "May be used to represent additional information that is not part of the basic definition of the resource and that modifies the understanding of the element that contains it and/or the understanding of the containing element's descendants. Usually modifier elements provide negation or qualification. To make the use of extensions safe and manageable, there is a strict set of governance applied to the definition and use of extensions. Though any implementer is allowed to define an extension, there is a set of requirements that SHALL be met as part of the definition of the extension. Applications processing a resource are required to check for modifier extensions.\n\nModifier extensions SHALL NOT change the meaning of any elements on Resource or DomainResource (including cannot change the meaning of modifierExtension itself).",
      "comment" : "There can be no stigma associated with the use of extensions by any application, project, or standard - regardless of the institution or jurisdiction that uses or defines the extensions.  The use of extensions is what allows the FHIR specification to retain a core level of simplicity for everyone.",
      "requirements" : "Modifier extensions allow for extensions that *cannot* be safely ignored to be clearly distinguished from the vast majority of extensions which can be safely ignored.  This promotes interoperability by eliminating the need for implementers to prohibit the presence of extensions. For further information, see the [definition of modifier extensions](http://hl7.org/fhir/R4/extensibility.html#modifierExtension).",
      "alias" : ["extensions",
      "user content"],
      "min" : 0,
      "max" : "*",
      "base" : {
        "path" : "DomainResource.modifierExtension",
        "min" : 0,
        "max" : "*"
      },
      "type" : [{
        "code" : "Extension"
      }],
      "constraint" : [{
        "key" : "ele-1",
        "severity" : "error",
        "human" : "All FHIR elements must have a @value or children",
        "expression" : "hasValue() or (children().count() > id.count())",
        "xpath" : "@value|f:*|h:div",
        "source" : "http://hl7.org/fhir/StructureDefinition/Element"
      },
      {
        "key" : "ext-1",
        "severity" : "error",
        "human" : "Must have either extensions or value[x], not both",
        "expression" : "extension.exists() != value.exists()",
        "xpath" : "exists(f:extension)!=exists(f:*[starts-with(local-name(.), \"value\")])",
        "source" : "http://hl7.org/fhir/StructureDefinition/Extension"
      }],
      "isModifier" : true,
      "isModifierReason" : "Modifier extensions are expected to modify the meaning or interpretation of the resource that contains them",
      "isSummary" : false,
      "mapping" : [{
        "identity" : "rim",
        "map" : "N/A"
      }]
    },
    {
      "id" : "Practitioner.identifier",
      "path" : "Practitioner.identifier",
      "short" : "此照護服務提供人員的識別碼",
      "definition" : "此人員於此角色的識別碼",
      "requirements" : "通常此人員會被指定特定識別碼",
      "min" : 1,
      "max" : "*",
      "base" : {
        "path" : "Practitioner.identifier",
        "min" : 0,
        "max" : "*"
      },
      "type" : [{
        "code" : "Identifier"
      }],
      "constraint" : [{
        "key" : "ele-1",
        "severity" : "error",
        "human" : "All FHIR elements must have a @value or children",
        "expression" : "hasValue() or (children().count() > id.count())",
        "xpath" : "@value|f:*|h:div",
        "source" : "http://hl7.org/fhir/StructureDefinition/Element"
      }],
      "mustSupport" : true,
      "isModifier" : false,
      "isSummary" : true,
      "mapping" : [{
        "identity" : "w5",
        "map" : "FiveWs.identifier"
      },
      {
        "identity" : "v2",
        "map" : "PRD-7 (or XCN.1)"
      },
      {
        "identity" : "rim",
        "map" : "./id"
      },
      {
        "identity" : "servd",
        "map" : "./Identifiers"
      }]
    },
    {
      "id" : "Practitioner.identifier.id",
      "path" : "Practitioner.identifier.id",
      "representation" : ["xmlAttr"],
      "short" : "唯一可識別ID，以供資料項目間相互參照。",
      "definition" : "resource中資料項目的唯一ID（用於內部參照）。這可以是任何不含空格的字串。",
      "min" : 0,
      "max" : "1",
      "base" : {
        "path" : "Element.id",
        "min" : 0,
        "max" : "1"
      },
      "type" : [{
        "extension" : [{
          "url" : "http://hl7.org/fhir/StructureDefinition/structuredefinition-fhir-type",
          "valueUrl" : "string"
        }],
        "code" : "http://hl7.org/fhirpath/System.String"
      }],
      "isModifier" : false,
      "isSummary" : false,
      "mapping" : [{
        "identity" : "rim",
        "map" : "n/a"
      }]
    },
    {
      "id" : "Practitioner.identifier.extension",
      "path" : "Practitioner.identifier.extension",
      "slicing" : {
        "discriminator" : [{
          "type" : "value",
          "path" : "url"
        }],
        "description" : "Extensions are always sliced by (at least) url",
        "rules" : "open"
      },
      "short" : "Additional content defined by implementations",
      "definition" : "May be used to represent additional information that is not part of the basic definition of the element. To make the use of extensions safe and manageable, there is a strict set of governance  applied to the definition and use of extensions. Though any implementer can define an extension, there is a set of requirements that SHALL be met as part of the definition of the extension.",
      "comment" : "There can be no stigma associated with the use of extensions by any application, project, or standard - regardless of the institution or jurisdiction that uses or defines the extensions.  The use of extensions is what allows the FHIR specification to retain a core level of simplicity for everyone.",
      "alias" : ["extensions",
      "user content"],
      "min" : 0,
      "max" : "*",
      "base" : {
        "path" : "Element.extension",
        "min" : 0,
        "max" : "*"
      },
      "type" : [{
        "code" : "Extension"
      }],
      "constraint" : [{
        "key" : "ele-1",
        "severity" : "error",
        "human" : "All FHIR elements must have a @value or children",
        "expression" : "hasValue() or (children().count() > id.count())",
        "xpath" : "@value|f:*|h:div",
        "source" : "http://hl7.org/fhir/StructureDefinition/Element"
      },
      {
        "key" : "ext-1",
        "severity" : "error",
        "human" : "Must have either extensions or value[x], not both",
        "expression" : "extension.exists() != value.exists()",
        "xpath" : "exists(f:extension)!=exists(f:*[starts-with(local-name(.), \"value\")])",
        "source" : "http://hl7.org/fhir/StructureDefinition/Extension"
      }],
      "isModifier" : false,
      "isSummary" : false,
      "mapping" : [{
        "identity" : "rim",
        "map" : "n/a"
      }]
    },
    {
      "id" : "Practitioner.identifier.use",
      "path" : "Practitioner.identifier.use",
      "short" : "usual ｜ official ｜ temp ｜ secondary ｜ old （如果知道）",
      "definition" : "這個唯一識別碼（identifier）的用途",
      "comment" : "應用程式可以假定一個識別碼是永久的，除非它明確說它是暫時的。",
      "requirements" : "允許從一組識別碼中為特定的使用情境選擇適當的識別碼",
      "min" : 0,
      "max" : "1",
      "base" : {
        "path" : "Identifier.use",
        "min" : 0,
        "max" : "1"
      },
      "type" : [{
        "code" : "code"
      }],
      "patternCode" : "official",
      "constraint" : [{
        "key" : "ele-1",
        "severity" : "error",
        "human" : "All FHIR elements must have a @value or children",
        "expression" : "hasValue() or (children().count() > id.count())",
        "xpath" : "@value|f:*|h:div",
        "source" : "http://hl7.org/fhir/StructureDefinition/Element"
      }],
      "mustSupport" : true,
      "isModifier" : true,
      "isModifierReason" : "This is labeled as \"Is Modifier\" because applications should not mistake a temporary id for a permanent one.",
      "isSummary" : true,
      "binding" : {
        "strength" : "required",
        "description" : "識別碼的型別，用於決定特定目的所適用的識別碼；應填入[IdentifierUse](http://hl7.org/fhir/R4/valueset-identifier-use.html)代碼表中適合的代碼，確定無適合的代碼才可以使用其他代碼中的代碼來表示。",
        "valueSet" : "http://hl7.org/fhir/ValueSet/identifier-use|4.0.1"
      },
      "mapping" : [{
        "identity" : "v2",
        "map" : "N/A"
      },
      {
        "identity" : "rim",
        "map" : "Role.code or implied by context"
      }]
    },
    {
      "id" : "Practitioner.identifier.type",
      "path" : "Practitioner.identifier.type",
      "short" : "照護服務提供人員的識別碼（identifier）的型別說明",
      "definition" : "識別碼的代碼型別，用於決定特定目適用的識別碼。",
      "comment" : "這個資料項目只涉及識別碼的一般類別。它 **必須沒有（SHALL NOT）** 被用於與Identifier.system 1..1對應的代碼。一些識別碼可能由於常見的用法而屬於多個類別。在系統是已知的情況下，型別是不必要的，因為型別總是系統定義的一部分。然而，系統經常需要處理系統不為人知的識別碼。型別和系統之間不是1:1的關係，因為許多不同的系統有相同的型別。",
      "requirements" : "允許使用者在不知道識別碼系統的情況下利用識別碼",
      "min" : 0,
      "max" : "1",
      "base" : {
        "path" : "Identifier.type",
        "min" : 0,
        "max" : "1"
      },
      "type" : [{
        "code" : "CodeableConcept",
        "profile" : ["https://twcore.mohw.gov.tw/fhir/StructureDefinition/CodeableConcept-tw"]
      }],
      "condition" : ["ele-1"],
      "constraint" : [{
        "key" : "ele-1",
        "severity" : "error",
        "human" : "All FHIR elements must have a @value or children",
        "expression" : "hasValue() or (children().count() > id.count())",
        "xpath" : "@value|f:*|h:div",
        "source" : "http://hl7.org/fhir/StructureDefinition/Element"
      }],
      "mustSupport" : true,
      "isModifier" : false,
      "binding" : {
        "extension" : [{
          "url" : "http://hl7.org/fhir/StructureDefinition/elementdefinition-bindingName",
          "valueString" : "IdentifierType"
        },
        {
          "url" : "http://hl7.org/fhir/StructureDefinition/elementdefinition-isCommonBinding",
          "valueBoolean" : true
        }],
        "strength" : "extensible",
        "description" : "A coded type for an identifier that can be used to determine which identifier to use for a specific purpose.",
        "valueSet" : "http://hl7.org/fhir/ValueSet/identifier-type"
      },
      "mapping" : [{
        "identity" : "rim",
        "map" : "n/a"
      },
      {
        "identity" : "v2",
        "map" : "CE/CNE/CWE"
      },
      {
        "identity" : "rim",
        "map" : "CD"
      },
      {
        "identity" : "orim",
        "map" : "fhir:CodeableConcept rdfs:subClassOf dt:CD"
      }]
    },
    {
      "id" : "Practitioner.identifier.system",
      "path" : "Practitioner.identifier.system",
      "short" : "照護服務提供人員識別碼（identifier）的命名空間（namespace）",
      "definition" : "建立值的命名空間－即一個描述一組值的唯一URL",
      "comment" : "Identifier.system總是區分大小寫",
      "requirements" : "有許多識別碼的集合。為了進行兩個識別碼的對應，我們需要知道我們處理的是哪一組。系統指明了一個特定的唯一識別碼集。",
      "min" : 1,
      "max" : "1",
      "base" : {
        "path" : "Identifier.system",
        "min" : 0,
        "max" : "1"
      },
      "type" : [{
        "code" : "uri"
      }],
      "example" : [{
        "label" : "General",
        "valueUri" : "http://www.acme.com/identifiers/patient"
      }],
      "constraint" : [{
        "key" : "ele-1",
        "severity" : "error",
        "human" : "All FHIR elements must have a @value or children",
        "expression" : "hasValue() or (children().count() > id.count())",
        "xpath" : "@value|f:*|h:div",
        "source" : "http://hl7.org/fhir/StructureDefinition/Element"
      }],
      "mustSupport" : true,
      "isModifier" : false,
      "isSummary" : true,
      "mapping" : [{
        "identity" : "v2",
        "map" : "CX.4 / EI-2-4"
      },
      {
        "identity" : "rim",
        "map" : "II.root or Role.id.root"
      },
      {
        "identity" : "servd",
        "map" : "./IdentifierType"
      }]
    },
    {
      "id" : "Practitioner.identifier.value",
      "path" : "Practitioner.identifier.value",
      "short" : "唯一值。\r\n例如：照護服務提供人員之員工編號為KP00017",
      "definition" : "識別碼中通常與使用者有關的部分，在系統情境內是唯一的。",
      "comment" : "如果此值是一個完整的URI，那麼此系統 **必須（SHALL）** 是urn:ietf:rfc:3986。此值的主要目的是為了可運算的對應。因此，為了比較的目的，它可能會被正規化（例如：去除不重要的空白、破折號等）。一個為人顯示的格式化的值可以使用[Rendered Value](http://hl7.org/fhir/R4/extension-rendered-value.html)擴充來傳達。除非對Identifier.system的了解使處理者確信不區分大小寫的處理是安全的，否則Identifier.value應被視為區分大小寫。",
      "min" : 1,
      "max" : "1",
      "base" : {
        "path" : "Identifier.value",
        "min" : 0,
        "max" : "1"
      },
      "type" : [{
        "code" : "string"
      }],
      "example" : [{
        "label" : "General",
        "valueString" : "123456"
      }],
      "constraint" : [{
        "key" : "ele-1",
        "severity" : "error",
        "human" : "All FHIR elements must have a @value or children",
        "expression" : "hasValue() or (children().count() > id.count())",
        "xpath" : "@value|f:*|h:div",
        "source" : "http://hl7.org/fhir/StructureDefinition/Element"
      }],
      "mustSupport" : true,
      "isModifier" : false,
      "isSummary" : true,
      "mapping" : [{
        "identity" : "v2",
        "map" : "CX.1 / EI.1"
      },
      {
        "identity" : "rim",
        "map" : "II.extension or II.root if system indicates OID or GUID (Or Role.id.extension or root)"
      },
      {
        "identity" : "servd",
        "map" : "./Value"
      }]
    },
    {
      "id" : "Practitioner.identifier.period",
      "path" : "Practitioner.identifier.period",
      "short" : "此身份識別碼（identifier）的使用效期",
      "definition" : "識別碼有效／曾經有效使用的時段或期間",
      "min" : 0,
      "max" : "1",
      "base" : {
        "path" : "Identifier.period",
        "min" : 0,
        "max" : "1"
      },
      "type" : [{
        "code" : "Period"
      }],
      "constraint" : [{
        "key" : "ele-1",
        "severity" : "error",
        "human" : "All FHIR elements must have a @value or children",
        "expression" : "hasValue() or (children().count() > id.count())",
        "xpath" : "@value|f:*|h:div",
        "source" : "http://hl7.org/fhir/StructureDefinition/Element"
      }],
      "isModifier" : false,
      "isSummary" : true,
      "mapping" : [{
        "identity" : "v2",
        "map" : "CX.7 + CX.8"
      },
      {
        "identity" : "rim",
        "map" : "Role.effectiveTime or implied by context"
      },
      {
        "identity" : "servd",
        "map" : "./StartDate and ./EndDate"
      }]
    },
    {
      "id" : "Practitioner.identifier.assigner",
      "path" : "Practitioner.identifier.assigner",
      "short" : "簽發identifier的機構（可以只是文字表述）",
      "definition" : "簽發／管理識別碼的機構",
      "comment" : "Identifier.assigner可以省略.reference資料項目，只包含一個.display資料項目，反映指定機構的名稱或其他文字表述資訊。",
      "min" : 0,
      "max" : "1",
      "base" : {
        "path" : "Identifier.assigner",
        "min" : 0,
        "max" : "1"
      },
      "type" : [{
        "code" : "Reference",
        "targetProfile" : ["https://twcore.mohw.gov.tw/fhir/StructureDefinition/Organization-twcore"]
      }],
      "constraint" : [{
        "key" : "ele-1",
        "severity" : "error",
        "human" : "All FHIR elements must have a @value or children",
        "expression" : "hasValue() or (children().count() > id.count())",
        "xpath" : "@value|f:*|h:div",
        "source" : "http://hl7.org/fhir/StructureDefinition/Element"
      }],
      "isModifier" : false,
      "isSummary" : true,
      "mapping" : [{
        "identity" : "v2",
        "map" : "CX.4 / (CX.4,CX.9,CX.10)"
      },
      {
        "identity" : "rim",
        "map" : "II.assigningAuthorityName but note that this is an improper use by the definition of the field.  Also Role.scoper"
      },
      {
        "identity" : "servd",
        "map" : "./IdentifierIssuingAuthority"
      }]
    },
    {
      "id" : "Practitioner.active",
      "path" : "Practitioner.active",
      "short" : "此照護服務提供人員的紀錄是否在使用中",
      "definition" : "此照護服務提供人員的紀錄是否在使用中",
      "comment" : "如果機構未使用此照護服務提供人員紀錄，那麼應該在PractitonerRole上標註結束日期（即使他們是使用中的），因為他們可能以另一種角色存在。",
      "requirements" : "由於照護服務提供人員的紀錄被錯誤建立，需能將其紀錄標註為非使用中。",
      "min" : 0,
      "max" : "1",
      "base" : {
        "path" : "Practitioner.active",
        "min" : 0,
        "max" : "1"
      },
      "type" : [{
        "code" : "boolean"
      }],
      "meaningWhenMissing" : "This resource is generally assumed to be active if no value is provided for the active element",
      "constraint" : [{
        "key" : "ele-1",
        "severity" : "error",
        "human" : "All FHIR elements must have a @value or children",
        "expression" : "hasValue() or (children().count() > id.count())",
        "xpath" : "@value|f:*|h:div",
        "source" : "http://hl7.org/fhir/StructureDefinition/Element"
      }],
      "mustSupport" : true,
      "isModifier" : false,
      "isSummary" : true,
      "mapping" : [{
        "identity" : "w5",
        "map" : "FiveWs.status"
      },
      {
        "identity" : "rim",
        "map" : "./statusCode"
      }]
    },
    {
      "id" : "Practitioner.name",
      "path" : "Practitioner.name",
      "short" : "照護服務提供人員的姓名",
      "definition" : "照護服務提供人員的姓名",
      "comment" : "使用屬性的選擇應確保有一個指定的常用名稱，其他名稱應根據需要使用暱稱（別名）、舊名或其他值。\r\n \r\n一般來說，根據以下條件決定要在ResourceReference.display中使用的值：\r\n \r\n1. 有一個以上的名字\r\n2. Use=usual\r\n3. Period（使用期間）是目前日期至使用截止日期\r\n4. Use=official\r\n5. 其他順序則由內部業務規則決定",
      "requirements" : "Practitioner所使用的名稱。如果有多個名字，則應使用此健康照護服務提供人員常用的名字來顯示。",
      "min" : 1,
      "max" : "*",
      "base" : {
        "path" : "Practitioner.name",
        "min" : 0,
        "max" : "*"
      },
      "type" : [{
        "code" : "HumanName"
      }],
      "constraint" : [{
        "key" : "ele-1",
        "severity" : "error",
        "human" : "All FHIR elements must have a @value or children",
        "expression" : "hasValue() or (children().count() > id.count())",
        "xpath" : "@value|f:*|h:div",
        "source" : "http://hl7.org/fhir/StructureDefinition/Element"
      },
      {
        "key" : "tw-core-1",
        "severity" : "error",
        "human" : "Patient.name.text or Patient.name.family or both SHALL be present",
        "expression" : "text.exists() or family.exists()",
        "xpath" : "f:text or f:given",
        "source" : "https://twcore.mohw.gov.tw/fhir/StructureDefinition/Practitioner-twcore"
      }],
      "mustSupport" : true,
      "isModifier" : false,
      "isSummary" : true,
      "mapping" : [{
        "identity" : "v2",
        "map" : "XCN Components"
      },
      {
        "identity" : "rim",
        "map" : "./name"
      },
      {
        "identity" : "servd",
        "map" : "./PreferredName (GivenNames, FamilyName, TitleCode)"
      }]
    },
    {
      "id" : "Practitioner.name.id",
      "path" : "Practitioner.name.id",
      "representation" : ["xmlAttr"],
      "short" : "唯一可識別ID，以供資料項目間相互參照。",
      "definition" : "resource中資料項目的唯一ID（用於內部參照）。這可以是任何不含空格的字串。",
      "min" : 0,
      "max" : "1",
      "base" : {
        "path" : "Element.id",
        "min" : 0,
        "max" : "1"
      },
      "type" : [{
        "extension" : [{
          "url" : "http://hl7.org/fhir/StructureDefinition/structuredefinition-fhir-type",
          "valueUrl" : "string"
        }],
        "code" : "http://hl7.org/fhirpath/System.String"
      }],
      "isModifier" : false,
      "isSummary" : false,
      "mapping" : [{
        "identity" : "rim",
        "map" : "n/a"
      }]
    },
    {
      "id" : "Practitioner.name.extension",
      "path" : "Practitioner.name.extension",
      "slicing" : {
        "discriminator" : [{
          "type" : "value",
          "path" : "url"
        }],
        "description" : "Extensions are always sliced by (at least) url",
        "rules" : "open"
      },
      "short" : "Additional content defined by implementations",
      "definition" : "May be used to represent additional information that is not part of the basic definition of the element. To make the use of extensions safe and manageable, there is a strict set of governance  applied to the definition and use of extensions. Though any implementer can define an extension, there is a set of requirements that SHALL be met as part of the definition of the extension.",
      "comment" : "There can be no stigma associated with the use of extensions by any application, project, or standard - regardless of the institution or jurisdiction that uses or defines the extensions.  The use of extensions is what allows the FHIR specification to retain a core level of simplicity for everyone.",
      "alias" : ["extensions",
      "user content"],
      "min" : 0,
      "max" : "*",
      "base" : {
        "path" : "Element.extension",
        "min" : 0,
        "max" : "*"
      },
      "type" : [{
        "code" : "Extension"
      }],
      "constraint" : [{
        "key" : "ele-1",
        "severity" : "error",
        "human" : "All FHIR elements must have a @value or children",
        "expression" : "hasValue() or (children().count() > id.count())",
        "xpath" : "@value|f:*|h:div",
        "source" : "http://hl7.org/fhir/StructureDefinition/Element"
      },
      {
        "key" : "ext-1",
        "severity" : "error",
        "human" : "Must have either extensions or value[x], not both",
        "expression" : "extension.exists() != value.exists()",
        "xpath" : "exists(f:extension)!=exists(f:*[starts-with(local-name(.), \"value\")])",
        "source" : "http://hl7.org/fhir/StructureDefinition/Extension"
      }],
      "isModifier" : false,
      "isSummary" : false,
      "mapping" : [{
        "identity" : "rim",
        "map" : "n/a"
      }]
    },
    {
      "id" : "Practitioner.name.use",
      "path" : "Practitioner.name.use",
      "short" : "usual | official | temp | nickname | anonymous | old | maiden",
      "definition" : "此姓名的用途",
      "comment" : "應用程式可以假定一個姓名是永久的，除非它明確說它是暫時或舊的。",
      "requirements" : "允許從一組姓名中為特定的使用情境選擇適當的姓名",
      "min" : 0,
      "max" : "1",
      "base" : {
        "path" : "HumanName.use",
        "min" : 0,
        "max" : "1"
      },
      "type" : [{
        "code" : "code"
      }],
      "patternCode" : "official",
      "constraint" : [{
        "key" : "ele-1",
        "severity" : "error",
        "human" : "All FHIR elements must have a @value or children",
        "expression" : "hasValue() or (children().count() > id.count())",
        "xpath" : "@value|f:*|h:div",
        "source" : "http://hl7.org/fhir/StructureDefinition/Element"
      }],
      "mustSupport" : true,
      "isModifier" : true,
      "isModifierReason" : "This is labeled as \"Is Modifier\" because applications should not mistake a temporary or old name etc.for a current/permanent one",
      "isSummary" : true,
      "binding" : {
        "strength" : "required",
        "description" : "人名的使用情況；應填入[NameUse](http://hl7.org/fhir/R4/valueset-name-use.html)代碼表中的其中一個代碼。",
        "valueSet" : "http://hl7.org/fhir/ValueSet/name-use|4.0.1"
      },
      "mapping" : [{
        "identity" : "v2",
        "map" : "XPN.7, but often indicated by which field contains the name"
      },
      {
        "identity" : "rim",
        "map" : "unique(./use)"
      },
      {
        "identity" : "servd",
        "map" : "./NamePurpose"
      }]
    },
    {
      "id" : "Practitioner.name.text",
      "path" : "Practitioner.name.text",
      "short" : "完整的中文姓名。[應填入於門診病歷醫師姓名Physician Name]",
      "definition" : "完整姓名的文字表述。由於世界各地的文化差異，取得資料的系統可能不知道如何正確地呈現姓名；此外，不是所有的名字部分都呈現予姓或名。因此，我們強烈建議創建者透過這個資料項目提供姓名的顯示文字。",
      "comment" : "可以同時提供文字表述（text）和部分（part）。更新姓名的應用程式 **必須（SHALL）** 確保當test和lpart都存在時，text中不包含part中沒有的內容。",
      "requirements" : "一個可呈現的、未編碼的形式。",
      "min" : 0,
      "max" : "1",
      "base" : {
        "path" : "HumanName.text",
        "min" : 0,
        "max" : "1"
      },
      "type" : [{
        "code" : "string"
      }],
      "example" : [{
        "label" : "General",
        "valueString" : "王依昇"
      }],
      "condition" : ["tw-core-1"],
      "constraint" : [{
        "key" : "ele-1",
        "severity" : "error",
        "human" : "All FHIR elements must have a @value or children",
        "expression" : "hasValue() or (children().count() > id.count())",
        "xpath" : "@value|f:*|h:div",
        "source" : "http://hl7.org/fhir/StructureDefinition/Element"
      }],
      "mustSupport" : true,
      "isModifier" : false,
      "isSummary" : true,
      "mapping" : [{
        "identity" : "v2",
        "map" : "implied by XPN.11"
      },
      {
        "identity" : "rim",
        "map" : "./formatted"
      }]
    },
    {
      "id" : "Practitioner.name.family",
      "path" : "Practitioner.name.family",
      "short" : "英文姓",
      "definition" : "姓名中與族譜相關的部分。在一些文化中（如厄立特里亞），兒子的姓氏是其父親的名字。",
      "comment" : "姓氏可以使用擴充名（de、nl、es相關文化）分解成具體的部分（part）",
      "alias" : ["surname"],
      "min" : 0,
      "max" : "1",
      "base" : {
        "path" : "HumanName.family",
        "min" : 0,
        "max" : "1"
      },
      "type" : [{
        "code" : "string"
      }],
      "example" : [{
        "label" : "General",
        "valueString" : "Wang"
      }],
      "condition" : ["tw-core-1"],
      "constraint" : [{
        "key" : "ele-1",
        "severity" : "error",
        "human" : "All FHIR elements must have a @value or children",
        "expression" : "hasValue() or (children().count() > id.count())",
        "xpath" : "@value|f:*|h:div",
        "source" : "http://hl7.org/fhir/StructureDefinition/Element"
      }],
      "mustSupport" : true,
      "isModifier" : false,
      "isSummary" : true,
      "mapping" : [{
        "identity" : "v2",
        "map" : "XPN.1/FN.1"
      },
      {
        "identity" : "rim",
        "map" : "./part[partType = FAM]"
      },
      {
        "identity" : "servd",
        "map" : "./FamilyName"
      }]
    },
    {
      "id" : "Practitioner.name.given",
      "path" : "Practitioner.name.given",
      "short" : "英文名",
      "definition" : "姓名中的「名」",
      "comment" : "如果只記錄首字母，可以用它們來代替完整姓名。首字母可以分為多個名，但由於實際情況的限制，通常不會這樣做。這個資料項目不被稱為 「first name」，因為「given name」並不總是排在前面。",
      "alias" : ["first name",
      "middle name"],
      "min" : 0,
      "max" : "*",
      "base" : {
        "path" : "HumanName.given",
        "min" : 0,
        "max" : "*"
      },
      "type" : [{
        "code" : "string"
      }],
      "orderMeaning" : "Given Names appear in the correct order for presenting the name",
      "example" : [{
        "label" : "General",
        "valueString" : "Yi Sheng"
      }],
      "condition" : ["tw-core-1"],
      "constraint" : [{
        "key" : "ele-1",
        "severity" : "error",
        "human" : "All FHIR elements must have a @value or children",
        "expression" : "hasValue() or (children().count() > id.count())",
        "xpath" : "@value|f:*|h:div",
        "source" : "http://hl7.org/fhir/StructureDefinition/Element"
      }],
      "mustSupport" : true,
      "isModifier" : false,
      "isSummary" : true,
      "mapping" : [{
        "identity" : "v2",
        "map" : "XPN.2 + XPN.3"
      },
      {
        "identity" : "rim",
        "map" : "./part[partType = GIV]"
      },
      {
        "identity" : "servd",
        "map" : "./GivenNames"
      }]
    },
    {
      "id" : "Practitioner.name.prefix",
      "path" : "Practitioner.name.prefix",
      "short" : "姓名前面的頭銜\r\n由於學術，法律，職業或貴族身份等原因而獲得頭銜，出現在姓名開頭。",
      "definition" : "由於學術、法規、就業或貴族身份等原因而獲得的名，並出現在姓名的開頭。",
      "min" : 0,
      "max" : "*",
      "base" : {
        "path" : "HumanName.prefix",
        "min" : 0,
        "max" : "*"
      },
      "type" : [{
        "code" : "string"
      }],
      "orderMeaning" : "Prefixes appear in the correct order for presenting the name",
      "constraint" : [{
        "key" : "ele-1",
        "severity" : "error",
        "human" : "All FHIR elements must have a @value or children",
        "expression" : "hasValue() or (children().count() > id.count())",
        "xpath" : "@value|f:*|h:div",
        "source" : "http://hl7.org/fhir/StructureDefinition/Element"
      }],
      "isModifier" : false,
      "isSummary" : true,
      "mapping" : [{
        "identity" : "v2",
        "map" : "XPN.5"
      },
      {
        "identity" : "rim",
        "map" : "./part[partType = PFX]"
      },
      {
        "identity" : "servd",
        "map" : "./TitleCode"
      }]
    },
    {
      "id" : "Practitioner.name.suffix",
      "path" : "Practitioner.name.suffix",
      "short" : "姓名後面的稱謂\r\n由於學術，法律，職業或貴族身份等原因而獲得頭銜，出現在姓名之後。",
      "definition" : "由於學術、法規、就業或貴族身份等原因而獲得的名，並出現在姓名的開頭。",
      "min" : 0,
      "max" : "*",
      "base" : {
        "path" : "HumanName.suffix",
        "min" : 0,
        "max" : "*"
      },
      "type" : [{
        "code" : "string"
      }],
      "orderMeaning" : "Suffixes appear in the correct order for presenting the name",
      "constraint" : [{
        "key" : "ele-1",
        "severity" : "error",
        "human" : "All FHIR elements must have a @value or children",
        "expression" : "hasValue() or (children().count() > id.count())",
        "xpath" : "@value|f:*|h:div",
        "source" : "http://hl7.org/fhir/StructureDefinition/Element"
      }],
      "isModifier" : false,
      "isSummary" : true,
      "mapping" : [{
        "identity" : "v2",
        "map" : "XPN/4"
      },
      {
        "identity" : "rim",
        "map" : "./part[partType = SFX]"
      }]
    },
    {
      "id" : "Practitioner.name.period",
      "path" : "Practitioner.name.period",
      "short" : "此姓名的使用效期",
      "definition" : "表明這個姓名對此病人有效的時間區間或期間",
      "requirements" : "允許多個姓名按其歷史情境（效期）儲存",
      "min" : 0,
      "max" : "1",
      "base" : {
        "path" : "HumanName.period",
        "min" : 0,
        "max" : "1"
      },
      "type" : [{
        "code" : "Period"
      }],
      "constraint" : [{
        "key" : "ele-1",
        "severity" : "error",
        "human" : "All FHIR elements must have a @value or children",
        "expression" : "hasValue() or (children().count() > id.count())",
        "xpath" : "@value|f:*|h:div",
        "source" : "http://hl7.org/fhir/StructureDefinition/Element"
      }],
      "isModifier" : false,
      "isSummary" : true,
      "mapping" : [{
        "identity" : "v2",
        "map" : "XPN.13 + XPN.14"
      },
      {
        "identity" : "rim",
        "map" : "./usablePeriod[type=\"IVL<TS>\"]"
      },
      {
        "identity" : "servd",
        "map" : "./StartDate and ./EndDate"
      }]
    },
    {
      "id" : "Practitioner.telecom",
      "path" : "Practitioner.telecom",
      "short" : "照護服務提供人員的詳細聯絡方式（適用於所有角色）。",
      "definition" : "照護服務提供人員的詳細聯絡方式，例如：電話號碼或電子郵件信箱。",
      "comment" : "個人可能有多種聯繫方式，有不同的用途或適用期。可能需要有與該人緊急聯繫的選項，並幫助識別。這些通常會有家用電話號碼，或沒有特定角色的手機號碼。",
      "requirements" : "不論照護服務提供人員的角色是什麼，需要知道如何與照護服務提供人員取得聯繫。",
      "min" : 0,
      "max" : "*",
      "base" : {
        "path" : "Practitioner.telecom",
        "min" : 0,
        "max" : "*"
      },
      "type" : [{
        "code" : "ContactPoint"
      }],
      "constraint" : [{
        "key" : "ele-1",
        "severity" : "error",
        "human" : "All FHIR elements must have a @value or children",
        "expression" : "hasValue() or (children().count() > id.count())",
        "xpath" : "@value|f:*|h:div",
        "source" : "http://hl7.org/fhir/StructureDefinition/Element"
      }],
      "mustSupport" : true,
      "isModifier" : false,
      "isSummary" : true,
      "mapping" : [{
        "identity" : "v2",
        "map" : "PRT-15, STF-10, ROL-12"
      },
      {
        "identity" : "rim",
        "map" : "./telecom"
      },
      {
        "identity" : "servd",
        "map" : "./ContactPoints"
      }]
    },
    {
      "id" : "Practitioner.telecom.id",
      "path" : "Practitioner.telecom.id",
      "representation" : ["xmlAttr"],
      "short" : "唯一可識別ID，以供資料項目間相互參照。",
      "definition" : "resource中資料項目的唯一ID（用於內部參照）。這可以是任何不含空格的字串。",
      "min" : 0,
      "max" : "1",
      "base" : {
        "path" : "Element.id",
        "min" : 0,
        "max" : "1"
      },
      "type" : [{
        "extension" : [{
          "url" : "http://hl7.org/fhir/StructureDefinition/structuredefinition-fhir-type",
          "valueUrl" : "string"
        }],
        "code" : "http://hl7.org/fhirpath/System.String"
      }],
      "isModifier" : false,
      "isSummary" : false,
      "mapping" : [{
        "identity" : "rim",
        "map" : "n/a"
      }]
    },
    {
      "id" : "Practitioner.telecom.extension",
      "path" : "Practitioner.telecom.extension",
      "slicing" : {
        "discriminator" : [{
          "type" : "value",
          "path" : "url"
        }],
        "description" : "Extensions are always sliced by (at least) url",
        "rules" : "open"
      },
      "short" : "Additional content defined by implementations",
      "definition" : "May be used to represent additional information that is not part of the basic definition of the element. To make the use of extensions safe and manageable, there is a strict set of governance  applied to the definition and use of extensions. Though any implementer can define an extension, there is a set of requirements that SHALL be met as part of the definition of the extension.",
      "comment" : "There can be no stigma associated with the use of extensions by any application, project, or standard - regardless of the institution or jurisdiction that uses or defines the extensions.  The use of extensions is what allows the FHIR specification to retain a core level of simplicity for everyone.",
      "alias" : ["extensions",
      "user content"],
      "min" : 0,
      "max" : "*",
      "base" : {
        "path" : "Element.extension",
        "min" : 0,
        "max" : "*"
      },
      "type" : [{
        "code" : "Extension"
      }],
      "constraint" : [{
        "key" : "ele-1",
        "severity" : "error",
        "human" : "All FHIR elements must have a @value or children",
        "expression" : "hasValue() or (children().count() > id.count())",
        "xpath" : "@value|f:*|h:div",
        "source" : "http://hl7.org/fhir/StructureDefinition/Element"
      },
      {
        "key" : "ext-1",
        "severity" : "error",
        "human" : "Must have either extensions or value[x], not both",
        "expression" : "extension.exists() != value.exists()",
        "xpath" : "exists(f:extension)!=exists(f:*[starts-with(local-name(.), \"value\")])",
        "source" : "http://hl7.org/fhir/StructureDefinition/Extension"
      }],
      "isModifier" : false,
      "isSummary" : false,
      "mapping" : [{
        "identity" : "rim",
        "map" : "n/a"
      }]
    },
    {
      "id" : "Practitioner.telecom.system",
      "path" : "Practitioner.telecom.system",
      "short" : "phone | fax | email | pager | url | sms | other",
      "definition" : "聯絡方式的通訊形式－需要什麼通訊系統進行聯絡",
      "min" : 1,
      "max" : "1",
      "base" : {
        "path" : "ContactPoint.system",
        "min" : 0,
        "max" : "1"
      },
      "type" : [{
        "code" : "code"
      }],
      "condition" : ["cpt-2"],
      "constraint" : [{
        "key" : "ele-1",
        "severity" : "error",
        "human" : "All FHIR elements must have a @value or children",
        "expression" : "hasValue() or (children().count() > id.count())",
        "xpath" : "@value|f:*|h:div",
        "source" : "http://hl7.org/fhir/StructureDefinition/Element"
      }],
      "mustSupport" : true,
      "isModifier" : false,
      "isSummary" : true,
      "binding" : {
        "strength" : "required",
        "description" : "應填入[ContactPointSystem](http://hl7.org/fhir/R4/valueset-contact-point-system.html)代碼表中的其中一個代碼。",
        "valueSet" : "http://hl7.org/fhir/ValueSet/contact-point-system|4.0.1"
      },
      "mapping" : [{
        "identity" : "v2",
        "map" : "XTN.3"
      },
      {
        "identity" : "rim",
        "map" : "./scheme"
      },
      {
        "identity" : "servd",
        "map" : "./ContactPointType"
      }]
    },
    {
      "id" : "Practitioner.telecom.value",
      "path" : "Practitioner.telecom.value",
      "short" : "實際的聯絡方式之細節",
      "definition" : "實際的聯絡方式之細節，針對指定的通訊系統提供有意義的形式（電話號碼或是電子郵件位址）。",
      "comment" : "額外的文字資料，例如電話分機號碼、或關於聯絡人的說明，有時也包括於此值。",
      "requirements" : "需支援非嚴格格式控制之舊有號碼",
      "min" : 1,
      "max" : "1",
      "base" : {
        "path" : "ContactPoint.value",
        "min" : 0,
        "max" : "1"
      },
      "type" : [{
        "code" : "string"
      }],
      "constraint" : [{
        "key" : "ele-1",
        "severity" : "error",
        "human" : "All FHIR elements must have a @value or children",
        "expression" : "hasValue() or (children().count() > id.count())",
        "xpath" : "@value|f:*|h:div",
        "source" : "http://hl7.org/fhir/StructureDefinition/Element"
      }],
      "mustSupport" : true,
      "isModifier" : false,
      "isSummary" : true,
      "mapping" : [{
        "identity" : "v2",
        "map" : "XTN.1 (or XTN.12)"
      },
      {
        "identity" : "rim",
        "map" : "./url"
      },
      {
        "identity" : "servd",
        "map" : "./Value"
      }]
    },
    {
      "id" : "Practitioner.telecom.use",
      "path" : "Practitioner.telecom.use",
      "short" : "home | work | temp | old | mobile－此聯絡方式的用途",
      "definition" : "確定聯絡方式的用途",
      "comment" : "應用程式可以假定一個聯絡方法是目前使用中，除非它明確說它是暫時的或舊的。",
      "requirements" : "需要追蹤此人使用這種聯絡的方式，使用者可以選擇適合他們用途的聯絡方式。",
      "min" : 0,
      "max" : "1",
      "base" : {
        "path" : "ContactPoint.use",
        "min" : 0,
        "max" : "1"
      },
      "type" : [{
        "code" : "code"
      }],
      "constraint" : [{
        "key" : "ele-1",
        "severity" : "error",
        "human" : "All FHIR elements must have a @value or children",
        "expression" : "hasValue() or (children().count() > id.count())",
        "xpath" : "@value|f:*|h:div",
        "source" : "http://hl7.org/fhir/StructureDefinition/Element"
      }],
      "mustSupport" : true,
      "isModifier" : true,
      "isModifierReason" : "This is labeled as \"Is Modifier\" because applications should not mistake a temporary or old contact etc.for a current/permanent one",
      "isSummary" : true,
      "binding" : {
        "strength" : "required",
        "description" : "應填入[ContactPointUse](http://hl7.org/fhir/R4/valueset-contact-point-use.html)代碼表中的其中一個代碼。",
        "valueSet" : "http://hl7.org/fhir/ValueSet/contact-point-use|4.0.1"
      },
      "mapping" : [{
        "identity" : "v2",
        "map" : "XTN.2 - but often indicated by field"
      },
      {
        "identity" : "rim",
        "map" : "unique(./use)"
      },
      {
        "identity" : "servd",
        "map" : "./ContactPointPurpose"
      }]
    },
    {
      "id" : "Practitioner.telecom.rank",
      "path" : "Practitioner.telecom.rank",
      "short" : "具體說明偏好的使用順序（1=最高優先順序）",
      "definition" : "具體說明使用一組聯絡方式的優先順序，較小排名序位的聯絡方式比較大排名序位的聯絡方式之序位還要前面。",
      "comment" : "請注意，排名序位沒有一定要遵循聯絡方式在實例中呈現的順序。",
      "min" : 0,
      "max" : "1",
      "base" : {
        "path" : "ContactPoint.rank",
        "min" : 0,
        "max" : "1"
      },
      "type" : [{
        "code" : "positiveInt"
      }],
      "constraint" : [{
        "key" : "ele-1",
        "severity" : "error",
        "human" : "All FHIR elements must have a @value or children",
        "expression" : "hasValue() or (children().count() > id.count())",
        "xpath" : "@value|f:*|h:div",
        "source" : "http://hl7.org/fhir/StructureDefinition/Element"
      }],
      "isModifier" : false,
      "isSummary" : true,
      "mapping" : [{
        "identity" : "v2",
        "map" : "n/a"
      },
      {
        "identity" : "rim",
        "map" : "n/a"
      }]
    },
    {
      "id" : "Practitioner.telecom.period",
      "path" : "Practitioner.telecom.period",
      "short" : "此聯絡方式的使用效期",
      "definition" : "此聯絡方式的使用效期",
      "min" : 0,
      "max" : "1",
      "base" : {
        "path" : "ContactPoint.period",
        "min" : 0,
        "max" : "1"
      },
      "type" : [{
        "code" : "Period"
      }],
      "constraint" : [{
        "key" : "ele-1",
        "severity" : "error",
        "human" : "All FHIR elements must have a @value or children",
        "expression" : "hasValue() or (children().count() > id.count())",
        "xpath" : "@value|f:*|h:div",
        "source" : "http://hl7.org/fhir/StructureDefinition/Element"
      }],
      "mustSupport" : true,
      "isModifier" : false,
      "isSummary" : true,
      "mapping" : [{
        "identity" : "v2",
        "map" : "N/A"
      },
      {
        "identity" : "rim",
        "map" : "./usablePeriod[type=\"IVL<TS>\"]"
      },
      {
        "identity" : "servd",
        "map" : "./StartDate and ./EndDate"
      }]
    },
    {
      "id" : "Practitioner.address",
      "path" : "Practitioner.address",
      "short" : "不限特定角色的照護服務提供人員的地址（通常是住家地址）",
      "definition" : "不限特定角色的健康照護服務提供人員的地址（通常是住家地址），工作地址通常不在此屬性中輸入，因為它們通常取決於此人員的角色。",
      "comment" : "PractitionerRole上沒有address但有location屬性（它有一個地址）用於這個目的。",
      "requirements" : "Administrative Gender為行政管理的及保存紀錄目的之健康照護服務提供人員性別",
      "min" : 0,
      "max" : "*",
      "base" : {
        "path" : "Practitioner.address",
        "min" : 0,
        "max" : "*"
      },
      "type" : [{
        "code" : "Address",
        "profile" : ["https://twcore.mohw.gov.tw/fhir/StructureDefinition/Address-twcore"]
      }],
      "condition" : ["ele-1"],
      "constraint" : [{
        "key" : "ele-1",
        "severity" : "error",
        "human" : "All FHIR elements must have a @value or children",
        "expression" : "hasValue() or (children().count() > id.count())",
        "xpath" : "@value|f:*|h:div",
        "source" : "http://hl7.org/fhir/StructureDefinition/Element"
      }],
      "mustSupport" : true,
      "isModifier" : false,
      "mapping" : [{
        "identity" : "rim",
        "map" : "n/a"
      },
      {
        "identity" : "v2",
        "map" : "XAD"
      },
      {
        "identity" : "rim",
        "map" : "AD"
      },
      {
        "identity" : "servd",
        "map" : "Address"
      }]
    },
    {
      "id" : "Practitioner.gender",
      "path" : "Practitioner.gender",
      "short" : "male ｜ female ｜ other ｜ unknown",
      "definition" : "Administrative Gender為行政管理的及保存紀錄目的之健康照護服務提供人員性別",
      "requirements" : "用以正確稱呼健康照護服務提供人員",
      "min" : 0,
      "max" : "1",
      "base" : {
        "path" : "Practitioner.gender",
        "min" : 0,
        "max" : "1"
      },
      "type" : [{
        "code" : "code"
      }],
      "constraint" : [{
        "key" : "ele-1",
        "severity" : "error",
        "human" : "All FHIR elements must have a @value or children",
        "expression" : "hasValue() or (children().count() > id.count())",
        "xpath" : "@value|f:*|h:div",
        "source" : "http://hl7.org/fhir/StructureDefinition/Element"
      }],
      "mustSupport" : true,
      "isModifier" : false,
      "isSummary" : true,
      "binding" : {
        "strength" : "required",
        "description" : "性別；應填入[AdministrativeGender](http://hl7.org/fhir/R4/valueset-administrative-gender.html)代碼表中的其中一個代碼。",
        "valueSet" : "http://hl7.org/fhir/ValueSet/administrative-gender|4.0.1"
      },
      "mapping" : [{
        "identity" : "v2",
        "map" : "STF-5"
      },
      {
        "identity" : "rim",
        "map" : "./administrativeGender"
      },
      {
        "identity" : "servd",
        "map" : "./GenderCode"
      }]
    },
    {
      "id" : "Practitioner.birthDate",
      "path" : "Practitioner.birthDate",
      "short" : "照護服務提供人員的出生日期",
      "definition" : "照護服務提供人員的出生日期",
      "requirements" : "為了識別身份而需要",
      "min" : 0,
      "max" : "1",
      "base" : {
        "path" : "Practitioner.birthDate",
        "min" : 0,
        "max" : "1"
      },
      "type" : [{
        "code" : "date"
      }],
      "constraint" : [{
        "key" : "ele-1",
        "severity" : "error",
        "human" : "All FHIR elements must have a @value or children",
        "expression" : "hasValue() or (children().count() > id.count())",
        "xpath" : "@value|f:*|h:div",
        "source" : "http://hl7.org/fhir/StructureDefinition/Element"
      }],
      "mustSupport" : true,
      "isModifier" : false,
      "isSummary" : true,
      "mapping" : [{
        "identity" : "v2",
        "map" : "STF-6"
      },
      {
        "identity" : "rim",
        "map" : "./birthTime"
      },
      {
        "identity" : "servd",
        "map" : "(not represented in ServD)"
      }]
    },
    {
      "id" : "Practitioner.photo",
      "path" : "Practitioner.photo",
      "short" : "人員的影像（照片）",
      "definition" : "人員的影像（照片）",
      "requirements" : "許多EHR系統有能力取得健康照護服務提供人員的影像（照片），這也符合較新的社群媒體的使用。",
      "min" : 0,
      "max" : "*",
      "base" : {
        "path" : "Practitioner.photo",
        "min" : 0,
        "max" : "*"
      },
      "type" : [{
        "code" : "Attachment"
      }],
      "constraint" : [{
        "key" : "ele-1",
        "severity" : "error",
        "human" : "All FHIR elements must have a @value or children",
        "expression" : "hasValue() or (children().count() > id.count())",
        "xpath" : "@value|f:*|h:div",
        "source" : "http://hl7.org/fhir/StructureDefinition/Element"
      }],
      "mustSupport" : true,
      "isModifier" : false,
      "isSummary" : false,
      "mapping" : [{
        "identity" : "rim",
        "map" : "./subjectOf/ObservationEvent[code=\"photo\"]/value"
      },
      {
        "identity" : "servd",
        "map" : "./ImageURI (only supports the URI reference)"
      }]
    },
    {
      "id" : "Practitioner.qualification",
      "path" : "Practitioner.qualification",
      "short" : "與照護服務相關的證書、執照或培訓",
      "definition" : "授權或其他與照護服務提供人員提供照護有關的官方證書、執照和培訓。例如：由衛生福利部頒發的醫師證書。",
      "min" : 0,
      "max" : "*",
      "base" : {
        "path" : "Practitioner.qualification",
        "min" : 0,
        "max" : "*"
      },
      "type" : [{
        "code" : "BackboneElement"
      }],
      "constraint" : [{
        "key" : "ele-1",
        "severity" : "error",
        "human" : "All FHIR elements must have a @value or children",
        "expression" : "hasValue() or (children().count() > id.count())",
        "xpath" : "@value|f:*|h:div",
        "source" : "http://hl7.org/fhir/StructureDefinition/Element"
      }],
      "isModifier" : false,
      "isSummary" : false,
      "mapping" : [{
        "identity" : "v2",
        "map" : "CER?"
      },
      {
        "identity" : "rim",
        "map" : ".playingEntity.playingRole[classCode=QUAL].code"
      },
      {
        "identity" : "servd",
        "map" : "./Qualifications"
      }]
    },
    {
      "id" : "Practitioner.qualification.id",
      "path" : "Practitioner.qualification.id",
      "representation" : ["xmlAttr"],
      "short" : "唯一可識別ID，以供資料項目間相互參照。",
      "definition" : "resource中資料項目的唯一ID（用於內部參照）。這可以是任何不含空格的字串。",
      "min" : 0,
      "max" : "1",
      "base" : {
        "path" : "Element.id",
        "min" : 0,
        "max" : "1"
      },
      "type" : [{
        "extension" : [{
          "url" : "http://hl7.org/fhir/StructureDefinition/structuredefinition-fhir-type",
          "valueUrl" : "string"
        }],
        "code" : "http://hl7.org/fhirpath/System.String"
      }],
      "isModifier" : false,
      "isSummary" : false,
      "mapping" : [{
        "identity" : "rim",
        "map" : "n/a"
      }]
    },
    {
      "id" : "Practitioner.qualification.extension",
      "path" : "Practitioner.qualification.extension",
      "short" : "Additional content defined by implementations",
      "definition" : "May be used to represent additional information that is not part of the basic definition of the element. To make the use of extensions safe and manageable, there is a strict set of governance  applied to the definition and use of extensions. Though any implementer can define an extension, there is a set of requirements that SHALL be met as part of the definition of the extension.",
      "comment" : "There can be no stigma associated with the use of extensions by any application, project, or standard - regardless of the institution or jurisdiction that uses or defines the extensions.  The use of extensions is what allows the FHIR specification to retain a core level of simplicity for everyone.",
      "alias" : ["extensions",
      "user content"],
      "min" : 0,
      "max" : "*",
      "base" : {
        "path" : "Element.extension",
        "min" : 0,
        "max" : "*"
      },
      "type" : [{
        "code" : "Extension"
      }],
      "constraint" : [{
        "key" : "ele-1",
        "severity" : "error",
        "human" : "All FHIR elements must have a @value or children",
        "expression" : "hasValue() or (children().count() > id.count())",
        "xpath" : "@value|f:*|h:div",
        "source" : "http://hl7.org/fhir/StructureDefinition/Element"
      },
      {
        "key" : "ext-1",
        "severity" : "error",
        "human" : "Must have either extensions or value[x], not both",
        "expression" : "extension.exists() != value.exists()",
        "xpath" : "exists(f:extension)!=exists(f:*[starts-with(local-name(.), \"value\")])",
        "source" : "http://hl7.org/fhir/StructureDefinition/Extension"
      }],
      "isModifier" : false,
      "isSummary" : false,
      "mapping" : [{
        "identity" : "rim",
        "map" : "n/a"
      }]
    },
    {
      "id" : "Practitioner.qualification.modifierExtension",
      "path" : "Practitioner.qualification.modifierExtension",
      "short" : "Extensions that cannot be ignored even if unrecognized",
      "definition" : "May be used to represent additional information that is not part of the basic definition of the element and that modifies the understanding of the element in which it is contained and/or the understanding of the containing element's descendants. Usually modifier elements provide negation or qualification. To make the use of extensions safe and manageable, there is a strict set of governance applied to the definition and use of extensions. Though any implementer can define an extension, there is a set of requirements that SHALL be met as part of the definition of the extension. Applications processing a resource are required to check for modifier extensions.\n\nModifier extensions SHALL NOT change the meaning of any elements on Resource or DomainResource (including cannot change the meaning of modifierExtension itself).",
      "comment" : "There can be no stigma associated with the use of extensions by any application, project, or standard - regardless of the institution or jurisdiction that uses or defines the extensions.  The use of extensions is what allows the FHIR specification to retain a core level of simplicity for everyone.",
      "requirements" : "Modifier extensions allow for extensions that *cannot* be safely ignored to be clearly distinguished from the vast majority of extensions which can be safely ignored.  This promotes interoperability by eliminating the need for implementers to prohibit the presence of extensions. For further information, see the [definition of modifier extensions](http://hl7.org/fhir/R4/extensibility.html#modifierExtension).",
      "alias" : ["extensions",
      "user content",
      "modifiers"],
      "min" : 0,
      "max" : "*",
      "base" : {
        "path" : "BackboneElement.modifierExtension",
        "min" : 0,
        "max" : "*"
      },
      "type" : [{
        "code" : "Extension"
      }],
      "constraint" : [{
        "key" : "ele-1",
        "severity" : "error",
        "human" : "All FHIR elements must have a @value or children",
        "expression" : "hasValue() or (children().count() > id.count())",
        "xpath" : "@value|f:*|h:div",
        "source" : "http://hl7.org/fhir/StructureDefinition/Element"
      },
      {
        "key" : "ext-1",
        "severity" : "error",
        "human" : "Must have either extensions or value[x], not both",
        "expression" : "extension.exists() != value.exists()",
        "xpath" : "exists(f:extension)!=exists(f:*[starts-with(local-name(.), \"value\")])",
        "source" : "http://hl7.org/fhir/StructureDefinition/Extension"
      }],
      "isModifier" : true,
      "isModifierReason" : "Modifier extensions are expected to modify the meaning or interpretation of the element that contains them",
      "isSummary" : true,
      "mapping" : [{
        "identity" : "rim",
        "map" : "N/A"
      }]
    },
    {
      "id" : "Practitioner.qualification.identifier",
      "path" : "Practitioner.qualification.identifier",
      "short" : "照護服務提供人員的資格證書識別碼",
      "definition" : "此人在此角色的資格證書之識別碼",
      "requirements" : "通常此資格證書會被指定特定識別碼",
      "min" : 0,
      "max" : "*",
      "base" : {
        "path" : "Practitioner.qualification.identifier",
        "min" : 0,
        "max" : "*"
      },
      "type" : [{
        "code" : "Identifier"
      }],
      "constraint" : [{
        "key" : "ele-1",
        "severity" : "error",
        "human" : "All FHIR elements must have a @value or children",
        "expression" : "hasValue() or (children().count() > id.count())",
        "xpath" : "@value|f:*|h:div",
        "source" : "http://hl7.org/fhir/StructureDefinition/Element"
      }],
      "isModifier" : false,
      "isSummary" : false,
      "mapping" : [{
        "identity" : "rim",
        "map" : ".playingEntity.playingRole[classCode=QUAL].id"
      }]
    },
    {
      "id" : "Practitioner.qualification.code",
      "path" : "Practitioner.qualification.code",
      "short" : "資格證書的編碼表示法",
      "definition" : "資格證書的編碼表示法",
      "comment" : "Not all terminology uses fit this general pattern. In some cases, models should not use CodeableConcept and use Coding directly and provide their own structure for managing text, codings, translations and the relationship between elements and pre- and post-coordination.",
      "min" : 1,
      "max" : "1",
      "base" : {
        "path" : "Practitioner.qualification.code",
        "min" : 1,
        "max" : "1"
      },
      "type" : [{
        "code" : "CodeableConcept",
        "profile" : ["https://twcore.mohw.gov.tw/fhir/StructureDefinition/CodeableConcept-tw"]
      }],
      "condition" : ["ele-1"],
      "constraint" : [{
        "key" : "ele-1",
        "severity" : "error",
        "human" : "All FHIR elements must have a @value or children",
        "expression" : "hasValue() or (children().count() > id.count())",
        "xpath" : "@value|f:*|h:div",
        "source" : "http://hl7.org/fhir/StructureDefinition/Element"
      }],
      "isModifier" : false,
      "binding" : {
        "strength" : "required",
        "description" : "照護服務提供人員提供服務所具有的具體資格證書；應填入[臺灣醫事人員類別值集](ValueSet-health-professional-tw.html)代碼表中的其中一個代碼。",
        "valueSet" : "https://twcore.mohw.gov.tw/fhir/ValueSet/health-professional-tw"
      },
      "mapping" : [{
        "identity" : "rim",
        "map" : "n/a"
      },
      {
        "identity" : "v2",
        "map" : "CE/CNE/CWE"
      },
      {
        "identity" : "rim",
        "map" : "CD"
      },
      {
        "identity" : "orim",
        "map" : "fhir:CodeableConcept rdfs:subClassOf dt:CD"
      }]
    },
    {
      "id" : "Practitioner.qualification.period",
      "path" : "Practitioner.qualification.period",
      "short" : "資格證書的有效期限",
      "definition" : "資格證書的有效期限",
      "requirements" : "資格證書通常是有期限的，並且可以被撤銷。",
      "min" : 0,
      "max" : "1",
      "base" : {
        "path" : "Practitioner.qualification.period",
        "min" : 0,
        "max" : "1"
      },
      "type" : [{
        "code" : "Period"
      }],
      "constraint" : [{
        "key" : "ele-1",
        "severity" : "error",
        "human" : "All FHIR elements must have a @value or children",
        "expression" : "hasValue() or (children().count() > id.count())",
        "xpath" : "@value|f:*|h:div",
        "source" : "http://hl7.org/fhir/StructureDefinition/Element"
      }],
      "isModifier" : false,
      "isSummary" : false,
      "mapping" : [{
        "identity" : "rim",
        "map" : ".playingEntity.playingRole[classCode=QUAL].effectiveTime"
      },
      {
        "identity" : "servd",
        "map" : "./Qualifications.StartDate and ./Qualifications.EndDate"
      }]
    },
    {
      "id" : "Practitioner.qualification.issuer",
      "path" : "Practitioner.qualification.issuer",
      "short" : "監管和頒發資格證書的機構",
      "definition" : "監管和頒發資格證書的機構",
      "min" : 0,
      "max" : "1",
      "base" : {
        "path" : "Practitioner.qualification.issuer",
        "min" : 0,
        "max" : "1"
      },
      "type" : [{
        "code" : "Reference",
        "targetProfile" : ["https://twcore.mohw.gov.tw/fhir/StructureDefinition/Organization-twcore"]
      }],
      "constraint" : [{
        "key" : "ele-1",
        "severity" : "error",
        "human" : "All FHIR elements must have a @value or children",
        "expression" : "hasValue() or (children().count() > id.count())",
        "xpath" : "@value|f:*|h:div",
        "source" : "http://hl7.org/fhir/StructureDefinition/Element"
      }],
      "isModifier" : false,
      "isSummary" : false,
      "mapping" : [{
        "identity" : "rim",
        "map" : ".playingEntity.playingRole[classCode=QUAL].scoper"
      }]
    },
    {
      "id" : "Practitioner.communication",
      "path" : "Practitioner.communication",
      "short" : "健康照護服務提供人員與病人溝通時可使用的語言",
      "definition" : "健康照護服務提供人員與病人溝通時可使用的語言",
      "comment" : "帶有這種精確字母大小寫的aa-BB結構是最廣泛使用的地方性符號之一。但並不是所有的系統都對其進行編碼，而是將其作為純文字表述。因此，data type為CodeableConcept而不是code。",
      "requirements" : "知道照護服務提供人員講哪種語言有助於促進與病人的溝通",
      "min" : 0,
      "max" : "*",
      "base" : {
        "path" : "Practitioner.communication",
        "min" : 0,
        "max" : "*"
      },
      "type" : [{
        "code" : "CodeableConcept",
        "profile" : ["https://twcore.mohw.gov.tw/fhir/StructureDefinition/CodeableConcept-tw"]
      }],
      "example" : [{
        "label" : "Value",
        "valueCodeableConcept" : {
          "text" : "zh-TW"
        }
      }],
      "condition" : ["ele-1"],
      "constraint" : [{
        "key" : "ele-1",
        "severity" : "error",
        "human" : "All FHIR elements must have a @value or children",
        "expression" : "hasValue() or (children().count() > id.count())",
        "xpath" : "@value|f:*|h:div",
        "source" : "http://hl7.org/fhir/StructureDefinition/Element"
      }],
      "isModifier" : false,
      "binding" : {
        "strength" : "preferred",
        "description" : "人類語言；鼓勵使用[CommonLanguages](http://hl7.org/fhir/R4/valueset-languages.html)代碼表中的代碼，但不強制一定要使用此代碼表，你也可使用其他代碼表的代碼或單純以文字表示。",
        "valueSet" : "http://hl7.org/fhir/ValueSet/languages"
      },
      "mapping" : [{
        "identity" : "rim",
        "map" : "n/a"
      },
      {
        "identity" : "v2",
        "map" : "CE/CNE/CWE"
      },
      {
        "identity" : "rim",
        "map" : "CD"
      },
      {
        "identity" : "orim",
        "map" : "fhir:CodeableConcept rdfs:subClassOf dt:CD"
      }]
    }]
  },
  "differential" : {
    "element" : [{
      "id" : "Practitioner",
      "path" : "Practitioner"
    },
    {
      "id" : "Practitioner.name.text",
      "path" : "Practitioner.name.text",
      "short" : "完整的中文姓名。[應填入於門診病歷醫師姓名Physician Name]"
    }]
  }
}