{
  "resourceType" : "SearchParameter",
  "id" : "Medication-id",
  "text" : {
    "status" : "generated",
    "div" : "<div xmlns=\"http://www.w3.org/1999/xhtml\"><p><b>Generated Narrative: SearchParameter</b><a name=\"Medication-id\"> </a></p><div style=\"display: inline-block; background-color: #d9e0e7; padding: 6px; margin: 4px; border: 1px solid #8da1b4; border-radius: 5px; line-height: 60%\"><p style=\"margin-bottom: 0px\">Resource SearchParameter &quot;Medication-id&quot; </p></div><p><b>url</b>: <code>https://example.org/fhir/SearchParameter/Medication-id</code></p><p><b>version</b>: 1.0.0</p><p><b>name</b>: SearchParameterMedicationid</p><p><b>status</b>: draft</p><p><b>date</b>: 2023-02-17 16:01:00+0800</p><p><b>publisher</b>: HL7 International - 醫合</p><p><b>contact</b>: <a href=\"https://medicalintegration.com.tw\">https://medicalintegration.com.tw</a></p><p><b>description</b>: 藥品的邏輯性id</p><p><b>jurisdiction</b>: Global (Whole world) <span style=\"background: LightGoldenRodYellow; margin: 4px; border: 1px solid khaki\"> (m49.htm#001)</span></p><p><b>code</b>: _id</p><p><b>base</b>: Medication</p><p><b>type</b>: token</p><p><b>expression</b>: Medication.id</p></div>"
  },
  "url" : "https://example.org/fhir/SearchParameter/Medication-id",
  "version" : "1.0.0",
  "name" : "SearchParameterMedicationid",
  "status" : "draft",
  "date" : "2023-02-17T16:01:00+08:00",
  "publisher" : "HL7 International - 醫合",
  "contact" : [{
    "telecom" : [{
      "system" : "url",
      "value" : "https://medicalintegration.com.tw"
    }]
  }],
  "description" : "藥品的邏輯性id",
  "jurisdiction" : [{
    "coding" : [{
      "system" : "http://unstats.un.org/unsd/methods/m49/m49.htm",
      "code" : "001"
    }]
  }],
  "code" : "_id",
  "base" : ["Medication"],
  "type" : "token",
  "expression" : "Medication.id"
}